{
  "centroids": [
    -0.2376563300562157,
    -0.18082732267440135,
    -0.1417962883100502,
    -0.11027991887873057,
    -0.08282111478017445,
    -0.05776661910959529,
    -0.03414798200600391,
    -0.011301269487833917,
    0.011301269487833958,
    0.03414798200600396,
    0.057766619109595324,
    0.0828211147801745,
    0.11027991887873057,
    0.14179628831005017,
    0.1808273226744013,
    0.2376563300562157
  ],
  "boundaries": [
    -1.0,
    -0.20924182636530853,
    -0.1613118054922258,
    -0.12603810359439038,
    -0.09655051682945251,
    -0.07029386694488488,
    -0.045957300557799605,
    -0.022724625746918914,
    2.0816681711721685e-17,
    0.02272462574691896,
    0.045957300557799646,
    0.0702938669448849,
    0.09655051682945254,
    0.12603810359439038,
    0.16131180549222573,
    0.2092418263653085,
    1.0
  ],
  "mse_per_dim": 7.277178221770941e-05,
  "d": 128,
  "bits": 4,
  "use_exact": true
}