{
  "centroids": [
    -0.3662665328213206,
    -0.23245870011237907,
    -0.13175468318101202,
    -0.04285099084583877,
    0.042850990845838724,
    0.131754683181012,
    0.23245870011237904,
    0.3662665328213206
  ],
  "boundaries": [
    -1.0,
    -0.2993626164668498,
    -0.18210669164669555,
    -0.0873028370134254,
    -2.42861286636753e-17,
    0.08730283701342537,
    0.18210669164669552,
    0.2993626164668498,
    1.0
  ],
  "mse_per_dim": 0.0010081583035718273,
  "d": 32,
  "bits": 3,
  "use_exact": true
}