{
  "centroids": [
    -0.2160007678422982,
    -0.06522479173137678,
    0.06522479173137696,
    0.2160007678422983
  ],
  "boundaries": [
    -1.0,
    -0.1406127797868375,
    9.020562075079397e-17,
    0.14061277978683762,
    1.0
  ],
  "mse_per_dim": 0.0023655651516710004,
  "d": 48,
  "bits": 2,
  "use_exact": true
}