{
  "centroids": [
    -0.3307890387688833,
    -0.2529051743527852,
    -0.19884723066576734,
    -0.15491702086824355,
    -0.11647932862565759,
    -0.08130600966732564,
    -0.048086138083162464,
    -0.01591777510951067,
    0.01591777510951067,
    0.048086138083162464,
    0.08130600966732564,
    0.11647932862565759,
    0.15491702086824355,
    0.19884723066576734,
    0.2529051743527852,
    0.3307890387688833
  ],
  "boundaries": [
    -1.0,
    -0.29184710656083424,
    -0.22587620250927626,
    -0.17688212576700546,
    -0.13569817474695056,
    -0.09889266914649161,
    -0.06469607387524405,
    -0.03200195659633657,
    0.0,
    0.03200195659633657,
    0.06469607387524405,
    0.09889266914649161,
    0.13569817474695056,
    0.17688212576700546,
    0.22587620250927626,
    0.29184710656083424,
    1.0
  ],
  "mse_per_dim": 0.0001426799639130622,
  "d": 64,
  "bits": 4,
  "use_exact": true
}