{
  "centroids": [
    -0.6577168449617801,
    -0.4361630242104211,
    -0.25237485808159715,
    -0.08280884475889785,
    0.08280884475889785,
    0.25237485808159715,
    0.4361630242104211,
    0.6577168449617801
  ],
  "boundaries": [
    -1.0,
    -0.5469399345861006,
    -0.34426894114600914,
    -0.16759185142024752,
    0.0,
    0.16759185142024752,
    0.34426894114600914,
    0.5469399345861006,
    1.0
  ],
  "mse_per_dim": 0.003257878256011723,
  "d": 8,
  "bits": 3,
  "use_exact": true
}