{
  "centroids": [
    -0.2910261816452185,
    0.2910261816452185
  ],
  "boundaries": [
    -1.0,
    0.0,
    1.0
  ],
  "mse_per_dim": 0.04030376158587809,
  "d": 8,
  "bits": 1,
  "use_exact": true
}