{
  "same_prompt_digest": true,
  "raw_new_output_match": true,
  "token_match_ratio": 1.0,
  "peak_cuda_allocated_delta_bytes": -5308416,
  "peak_cuda_allocated_ratio_tq_over_hf": 0.9991608439151876,
  "runtime_delta_s": 3.9552811090034083,
  "runtime_ratio_tq_over_hf": 15.019193975143358,
  "throughput_ratio_tq_over_hf": 0.06658146912910184,
  "cache_storage_ratio_dense_over_tq": 2.2179553595641868
}