{
  "same_prompt_digest": true,
  "raw_new_output_match": true,
  "token_match_ratio": 1.0,
  "peak_cuda_allocated_delta_bytes": -21233664,
  "peak_cuda_allocated_ratio_tq_over_hf": 0.9966923223307642,
  "runtime_delta_s": 6.263345077000849,
  "runtime_ratio_tq_over_hf": 19.71461447402925,
  "throughput_ratio_tq_over_hf": 0.05072379180010518,
  "cache_storage_ratio_dense_over_tq": 2.2613893898985826
}