{
  "same_prompt_digest": true,
  "raw_new_output_match": true,
  "token_match_ratio": 1.0,
  "peak_cuda_allocated_delta_bytes": -1327104,
  "peak_cuda_allocated_ratio_tq_over_hf": 0.9997894451245417,
  "runtime_delta_s": 3.435689447003824,
  "runtime_ratio_tq_over_hf": 6.06028227914498,
  "throughput_ratio_tq_over_hf": 0.16500881542123247,
  "cache_storage_ratio_dense_over_tq": 2.0827971767205153
}