{
  "same_prompt_digest": true,
  "raw_new_output_match": true,
  "token_match_ratio": 1.0,
  "peak_cuda_allocated_delta_bytes": -84934656,
  "peak_cuda_allocated_ratio_tq_over_hf": 0.9874839954821425,
  "runtime_delta_s": 4.330924066998705,
  "runtime_ratio_tq_over_hf": 6.016343689480913,
  "throughput_ratio_tq_over_hf": 0.1662139085817884,
  "cache_storage_ratio_dense_over_tq": 2.2761887897690056
}