{
  "centroids": [
    -0.1883952199797998,
    -0.11813773786795187,
    -0.06658410857164203,
    -0.021603759648660754,
    0.021603759648660754,
    0.06658410857164203,
    0.11813773786795187,
    0.1883952199797998
  ],
  "boundaries": [
    -1.0,
    -0.15326647892387585,
    -0.09236092321979694,
    -0.04409393411015139,
    0.0,
    0.04409393411015139,
    0.09236092321979694,
    0.15326647892387585,
    1.0
  ],
  "mse_per_dim": 0.00026535879555816957,
  "d": 128,
  "bits": 3,
  "use_exact": true
}