{
  "centroids": [
    -0.07066157273809426,
    0.07066157273809426
  ],
  "boundaries": [
    -1.0,
    0.0,
    1.0
  ],
  "mse_per_dim": 0.0028194421381789333,
  "d": 128,
  "bits": 1,
  "use_exact": true
}