{
  "centroids": [
    -0.13304124770230766,
    -0.039991461195721535,
    0.039991461195721535,
    0.13304124770230766
  ],
  "boundaries": [
    -1.0,
    -0.08651635444901459,
    0.0,
    0.08651635444901459,
    1.0
  ],
  "mse_per_dim": 0.000906250549049611,
  "d": 128,
  "bits": 2,
  "use_exact": true
}