{
  "centroids": [
    -0.49919722856088306,
    -0.32174057240976645,
    -0.18367750637544994,
    -0.05992167741165856,
    0.05992167741165856,
    0.18367750637544994,
    0.32174057240976645,
    0.49919722856088306
  ],
  "boundaries": [
    -1.0,
    -0.41046890048532475,
    -0.2527090393926082,
    -0.12179959189355424,
    0.0,
    0.12179959189355424,
    0.2527090393926082,
    0.41046890048532475,
    1.0
  ],
  "mse_per_dim": 0.0018802585810061426,
  "d": 16,
  "bits": 3,
  "use_exact": true
}