{
  "centroids": [
    -0.36720637728155653,
    -0.11248908884037591,
    0.11248908884037591,
    0.36720637728155653
  ],
  "boundaries": [
    -1.0,
    -0.2398477330609662,
    0.0,
    0.2398477330609662,
    1.0
  ],
  "mse_per_dim": 0.006615467505071186,
  "d": 16,
  "bits": 2,
  "use_exact": true
}