{
  "centroids": [
    -0.6038891822379183,
    -0.47427322545962675,
    -0.37853753772789095,
    -0.2977896368597052,
    -0.2253822782112315,
    -0.15801997041387916,
    -0.0937127319859445,
    -0.031062171122468635,
    0.031062171122468635,
    0.0937127319859445,
    0.15801997041387916,
    0.2253822782112315,
    0.2977896368597052,
    0.37853753772789095,
    0.47427322545962675,
    0.6038891822379183
  ],
  "boundaries": [
    -1.0,
    -0.5390812038487726,
    -0.42640538159375885,
    -0.3381635872937981,
    -0.26158595753546837,
    -0.19170112431255532,
    -0.12586635119991182,
    -0.062387451554206566,
    0.0,
    0.062387451554206566,
    0.12586635119991182,
    0.19170112431255532,
    0.26158595753546837,
    0.3381635872937981,
    0.42640538159375885,
    0.5390812038487726,
    1.0
  ],
  "mse_per_dim": 0.0005058539229413117,
  "d": 16,
  "bits": 4,
  "use_exact": true
}