{
  "centroids": [
    -0.26331918058180126,
    -0.07980181079597172,
    0.07980181079597172,
    0.26331918058180126
  ],
  "boundaries": [
    -1.0,
    -0.17156049568888648,
    0.0,
    0.17156049568888648,
    1.0
  ],
  "mse_per_dim": 0.003487510008719901,
  "d": 32,
  "bits": 2,
  "use_exact": true
}