{
  "centroids": [
    -0.4534215731523712,
    -0.34991640773204247,
    -0.27655573632661107,
    -0.21618166671705277,
    -0.1629121382101802,
    -0.1138902908990038,
    -0.0674205637301006,
    -0.022328046033812766,
    0.022328046033812766,
    0.0674205637301006,
    0.1138902908990038,
    0.1629121382101802,
    0.21618166671705277,
    0.27655573632661107,
    0.34991640773204247,
    0.4534215731523712
  ],
  "boundaries": [
    -1.0,
    -0.40166899044220683,
    -0.3132360720293268,
    -0.24636870152183193,
    -0.1895469024636165,
    -0.13840121455459198,
    -0.0906554273145522,
    -0.04487430488195668,
    0.0,
    0.04487430488195668,
    0.0906554273145522,
    0.13840121455459198,
    0.1895469024636165,
    0.24636870152183193,
    0.3132360720293268,
    0.40166899044220683,
    1.0
  ],
  "mse_per_dim": 0.0002741820526354838,
  "d": 32,
  "bits": 4,
  "use_exact": true
}