{
  "centroids": [
    -0.30282496112801094,
    -0.19117835205059558,
    -0.10808986989606666,
    -0.03511747016243451,
    0.03511747016243451,
    0.10808986989606666,
    0.19117835205059558,
    0.30282496112801094
  ],
  "boundaries": [
    -1.0,
    -0.24700165658930326,
    -0.14963411097333112,
    -0.07160367002925058,
    0.0,
    0.07160367002925058,
    0.14963411097333112,
    0.24700165658930326,
    1.0
  ],
  "mse_per_dim": 0.0006877335370080907,
  "d": 48,
  "bits": 3,
  "use_exact": true
}