{
  "centroids": [
    -0.1874965023584866,
    -0.05651469552863129,
    0.05651469552863129,
    0.1874965023584866
  ],
  "boundaries": [
    -1.0,
    -0.12200559894355895,
    0.0,
    0.12200559894355895,
    1.0
  ],
  "mse_per_dim": 0.0017894649501799921,
  "d": 64,
  "bits": 2,
  "use_exact": true
}