{
  "centroids": [
    -0.26391200079607136,
    -0.16616582921675888,
    -0.09383075103316371,
    -0.030468621378826406,
    0.030468621378826406,
    0.09383075103316371,
    0.16616582921675888,
    0.26391200079607136
  ],
  "boundaries": [
    -1.0,
    -0.21503891500641512,
    -0.12999829012496128,
    -0.06214968620599506,
    0.0,
    0.06214968620599506,
    0.12999829012496128,
    0.21503891500641512,
    1.0
  ],
  "mse_per_dim": 0.0005217317830461852,
  "d": 64,
  "bits": 3,
  "use_exact": true
}