{
  "centroids": [
    -0.5048244352419761,
    -0.15792198258906281,
    0.15792198258906281,
    0.5048244352419761
  ],
  "boundaries": [
    -1.0,
    -0.33137320891551947,
    0.0,
    0.33137320891551947,
    1.0
  ],
  "mse_per_dim": 0.011846316285516103,
  "d": 8,
  "bits": 2,
  "use_exact": true
}