{
  "same_prompt_digest": true,
  "raw_new_output_match": true,
  "token_match_ratio": 1.0,
  "peak_cuda_allocated_delta_bytes": -1327104,
  "peak_cuda_allocated_ratio_tq_over_hf": 0.9997894451245417,
  "runtime_delta_s": -0.29051823999907356,
  "runtime_ratio_tq_over_hf": 0.3535272394555861,
  "throughput_ratio_tq_over_hf": 2.8286363493233186,
  "cache_storage_ratio_dense_over_tq": 2.24897366924274
}